Blend, Thickness (um),Temperature,RH,Blend WVTR,Blend Cobb,Blend Tensile Strength,Blend Elongation at Break,Blend Disintegration,Neat1 WVTR,Neat1 Cobb,Neat1 Tensile Strength,Neat1 Elongation at Break,Neat1 Disintegration,Neat2 WVTR,Neat2 Cobb,Neat2 Tensile Strength,Neat2 Elongation at Break,Neat2 Disintegration,Neat3 WVTR,Neat3 Cobb,Neat3 Tensile Strength,Neat3 Elongation at Break,Neat3 Disintegration,Neat4 WVTR,Neat4 Cobb,Neat4 Tensile Strength,Neat4 Elongation at Break,Neat4 Disintegration
"""PLA, Ingeo 4032D, 0.5, PHB, ENMAT™ Y1000P, 0.5"" temperature=25 rh=50 thickness=50",50,25,50,48.9155712890625,2.1072977,42.93651070979957,3.357298791864841,72.72832492262677,55.5828564453125,10.683627,55.87041265091569,6.780982761843884,2.332749603409517,51.5378076171875,1.6216711,34.383617473259996,2.2433203135381397,93.42055964964035,,,,,,,,,,
"""PLA, Ingeo 4032D, 0.2, PHB, ENMAT™ Y1000P, 0.8"" temperature=25 rh=50 thickness=50",50,25,50,43.0112744140625,2.149711,42.92270782231248,3.025580886527573,91.12221839812568,55.5828564453125,10.683627,55.87041265091569,6.780982761843879,2.332749603409517,51.5378076171875,1.6216711,34.383617473259996,2.24332031353814,93.42055964964035,,,,,,,,,,
"""PLA, Ingeo 4032D, 0.8, PHB, ENMAT™ Y1000P, 0.2"" temperature=25 rh=50 thickness=50",50,25,50,52.2764453125,4.149989,45.308591669563114,5.42666399286352,36.31962722763974,55.5828564453125,10.683627,55.87041265091579,6.780982761843888,2.332749603409517,51.5378076171875,1.6216711,34.383617473259996,2.2433203135381397,93.42055964964035,,,,,,,,,,
"""PLA, Ingeo 4032D, 0.5, PHB, ENMAT™ Y1000P, 0.5"" temperature=25 rh=50 thickness=20",20,25,50,124.981298828125,2.1072977,36.90947219124988,2.9079778839166743,73.92344430838695,238.56591796875,10.683627,49.0017844336488,6.488773216584423,2.334058263813693,142.3423095703125,1.6216711,31.668810573738178,2.068453721319693,95.60935505523368,,,,,,,,,,
"""PLA, Ingeo 4032D, 0.5, PHB, ENMAT™ Y1000P, 0.5"" temperature=25 rh=50 thickness=100",100,25,50,31.16069580078125,2.1072977,44.90833823104474,4.377542124859231,69.45352013180762,27.67853759765625,10.683627,58.873059156327606,7.65662983163278,2.331836319831202,34.29988525390625,1.6216711,34.98249149478403,2.52578165109162,87.1480291066118,,,,,,,,,,
"""PLA, Ingeo 4032D, 0.5, PHB, ENMAT™ Y1000P, 0.5"" temperature=37 rh=50 thickness=50",50,37,50,57.9677587890625,2.1072977,42.93651070979949,3.3572987918648405,72.72832492262677,64.172265625,10.683627,55.87041265091569,6.780982761843886,2.332749603409517,56.2227099609375,1.6216711,34.38361747325998,2.24332031353814,93.42055964964035,,,,,,,,,,
"""PLA, Ingeo 4032D, 0.5, PHB, ENMAT™ Y1000P, 0.5"" temperature=25 rh=90 thickness=50",50,25,90,57.836806640625,2.1072977,42.93651070979955,3.3572987918648383,72.72832492262677,72.296494140625,10.683627,55.87041265091574,6.780982761843884,2.332749603409517,62.8556640625,1.6216711,34.38361747326003,2.2433203135381397,93.42055964964035,,,,,,,,,,
"""PCL, Capa™ 6500, 0.5, PBAT, Ecoworld, 0.5"" temperature=25 rh=50 thickness=50",50,25,50,59.5703125,1.0057391,31.519294773898103,622.2864818802623,92.06171027348546,39.44618408203125,2.109536,40.61462732971435,647.2400107188969,91.49964680529364,299.71978515625,1.1308378,26.818608645709638,714.5587069214894,92.62377374167728,,,,,,,,,,
"""PCL, Capa™ 6500, 0.2, PBAT, Ecoworld, 0.8"" temperature=25 rh=50 thickness=50",50,25,50,123.806923828125,0.98143303,21.58866762142185,629.1620028681265,92.39894835440056,39.44618408203125,2.109536,40.61462732971439,647.2400107188975,91.49964680529364,299.71978515625,1.1308378,26.818608645709627,714.5587069214894,92.62377374167728,,,,,,,,,,
"""PCL, Capa™ 6500, 0.8, PBAT, Ecoworld, 0.2"" temperature=25 rh=50 thickness=50",50,25,50,41.617548828125,0.97843313,40.48223443159226,557.8771568267945,91.72447219257036,39.44618408203125,2.109536,40.614627329714374,647.2400107188975,91.49964680529364,299.71978515625,1.1308378,26.818608645709663,714.5587069214894,92.62377374167728,,,,,,,,,,
"""PCL, Capa™ 6500, 0.5, PBAT, Ecoworld, 0.5"" temperature=25 rh=50 thickness=20",20,25,50,137.77073974609374,1.0057391,31.341973309431918,465.35656958477074,95.30608766017482,94.11685180664062,2.109536,38.082381244408566,652.3849207539425,95.58297250215595,758.018505859375,1.1308378,24.570889017935578,626.0499966968953,95.02920281819368,,,,,,,,,,
"""PCL, Capa™ 6500, 0.5, PBAT, Ecoworld, 0.5"" temperature=25 rh=50 thickness=100",100,25,50,42.5147607421875,1.0057391,31.043583440376423,799.099819870475,85.67711712192477,27.50606201171875,2.109536,42.235583092475906,743.610625904338,85.24837730660046,193.07814453125,1.1308378,28.067128095259434,866.6125900371818,86.10585693724907,,,,,,,,,,
"""PCL, Capa™ 6500, 0.5, PBAT, Ecoworld, 0.5"" temperature=37 rh=50 thickness=50",50,37,50,62.0754638671875,1.0057391,31.519294773898118,622.2864818802639,92.06171027348546,42.4337841796875,2.109536,40.61462732971435,647.2400107188975,91.49964680529364,269.7003515625,1.1308378,26.818608645709627,714.5587069214899,92.62377374167728,,,,,,,,,,
"""PCL, Capa™ 6500, 0.5, PBAT, Ecoworld, 0.5"" temperature=25 rh=90 thickness=50",50,25,90,91.74263671875,1.0057391,31.51929477389813,622.2864818802623,92.06171027348546,48.453994140625,2.109536,40.61462732971435,647.2400107188969,91.49964680529364,187.81939453125,1.1308378,26.818608645709627,714.5587069214899,92.62377374167728,,,,,,,,,,
"""PBS, PBS TH803S, 0.5, PHA, PHACT A1000P, 0.5"" temperature=25 rh=50 thickness=50",50,25,50,155.385703125,0.8209448,44.87655271517162,374.08310357114726,94.96822341515606,50.568359375,0.6687117,39.198154462904085,382.5392152546402,94.60025407439502,234.82462890625,2.6587708,40.577057780669115,347.1846412389679,95.3361927559171,,,,,,,,,,
"""PBS, PBS TH803S, 0.2, PHA, PHACT A1000P, 0.8"" temperature=25 rh=50 thickness=50",50,25,50,235.1273828125,1.491565,46.7031439826992,412.3731645558056,95.18900501961268,50.568359375,0.6687117,39.198154462904085,382.5392152546399,94.60025407439502,234.82462890625,2.6587708,40.5770577806691,347.1846412389688,95.3361927559171,,,,,,,,,,
"""PBS, PBS TH803S, 0.8, PHA, PHACT A1000P, 0.2"" temperature=25 rh=50 thickness=50",50,25,50,98.622138671875,0.75565356,42.55923666734841,439.72547339316327,94.74744181069944,50.568359375,0.6687117,39.198154462904114,382.5392152546399,94.60025407439502,234.82462890625,2.6587708,40.577057780669115,347.1846412389688,95.3361927559171,,,,,,,,,,
"""PBS, PBS TH803S, 0.5, PHA, PHACT A1000P, 0.5"" temperature=25 rh=50 thickness=20",20,25,50,366.20263671875,0.8209448,41.51401523964112,223.14871489593017,95.44190534742621,130.1714111328125,0.6687117,37.200281004891195,312.7566489659525,95.13794057803608,622.82353515625,2.6587708,38.373716065496545,355.1161708124249,95.74587011681635,,,,,,,,,,
"""PBS, PBS TH803S, 0.5, PHA, PHACT A1000P, 0.5"" temperature=25 rh=50 thickness=100",100,25,50,101.826083984375,0.8209448,45.440174306472564,424.3821083071684,88.47383232117772,33.8420703125,0.6687117,40.13627472507497,653.0324031688099,88.01343495935846,151.27296875,2.6587708,40.831678390549946,351.07134955353996,88.93422968299699,,,,,,,,,,
"""PBS, PBS TH803S, 0.5, PHA, PHACT A1000P, 0.5"" temperature=37 rh=50 thickness=50",50,37,50,181.3234765625,0.8209448,44.876552715171584,374.08310357114726,94.96822341515606,54.3983154296875,0.6687117,39.198154462904114,382.53921525463954,94.60025407439502,238.486640625,2.6587708,40.577057780669115,347.1846412389673,95.3361927559171,,,,,,,,,,
"""PBS, PBS TH803S, 0.5, PHA, PHACT A1000P, 0.5"" temperature=25 rh=90 thickness=50",50,25,90,190.859375,0.8209448,44.87655271517162,374.0831035711463,94.96822341515606,74.4836669921875,0.6687117,39.198154462904085,382.5392152546399,94.60025407439502,192.52533203125,2.6587708,40.577057780669115,347.1846412389679,95.3361927559171,,,,,,,,,,
"""PLA, Ingeo 4032D, 0.5, PHB, ENMAT™ Y1000P, 0.5"" temperature=25 rh=50 thickness=50",50,25,50,48.9155712890625,2.1072977,42.93651070979953,3.3572987918648387,72.72832492262677,55.5828564453125,10.683627,55.87041265091564,6.780982761843886,2.332749603409517,51.5378076171875,1.6216711,34.38361747325997,2.2433203135381397,93.42055964964035,,,,,,,,,,
"""PLA, Ingeo 4032D, 0.2, PHB, ENMAT™ Y1000P, 0.8"" temperature=25 rh=50 thickness=50",50,25,50,43.0112744140625,2.149711,42.922707822312525,3.025580886527573,91.12221839812568,55.5828564453125,10.683627,55.87041265091574,6.780982761843886,2.332749603409517,51.5378076171875,1.6216711,34.383617473259996,2.2433203135381397,93.42055964964035,,,,,,,,,,
"""PLA, Ingeo 4032D, 0.8, PHB, ENMAT™ Y1000P, 0.2"" temperature=25 rh=50 thickness=50",50,25,50,52.2764453125,4.149989,45.30859166956307,5.426663992863522,36.31962722763974,55.5828564453125,10.683627,55.87041265091574,6.780982761843884,2.332749603409517,51.5378076171875,1.6216711,34.38361747325998,2.2433203135381397,93.42055964964035,,,,,,,,,,
"""PLA, Ingeo 4032D, 0.5, PHB, ENMAT™ Y1000P, 0.5"" temperature=25 rh=50 thickness=20",20,25,50,124.981298828125,2.1072977,36.9094721912499,2.9079778839166743,73.92344430838695,238.56591796875,10.683627,49.00178443364878,6.488773216584422,2.334058263813693,142.3423095703125,1.6216711,31.668810573738178,2.068453721319693,95.60935505523368,,,,,,,,,,
"""PLA, Ingeo 4032D, 0.5, PHB, ENMAT™ Y1000P, 0.5"" temperature=25 rh=50 thickness=100",100,25,50,31.16069580078125,2.1072977,44.90833823104474,4.37754212485923,69.45352013180762,27.67853759765625,10.683627,58.87305915632766,7.6566298316327766,2.331836319831202,34.29988525390625,1.6216711,34.98249149478403,2.52578165109162,87.1480291066118,,,,,,,,,,
"""PLA, Ingeo 4032D, 0.5, PHB, ENMAT™ Y1000P, 0.5"" temperature=37 rh=50 thickness=50",50,37,50,57.9677587890625,2.1072977,42.93651070979957,3.3572987918648387,72.72832492262677,64.172265625,10.683627,55.87041265091569,6.780982761843886,2.332749603409517,56.2227099609375,1.6216711,34.383617473259996,2.24332031353814,93.42055964964035,,,,,,,,,,
"""PLA, Ingeo 4032D, 0.5, PHB, ENMAT™ Y1000P, 0.5"" temperature=25 rh=90 thickness=50",50,25,90,57.836806640625,2.1072977,42.93651070979955,3.3572987918648383,72.72832492262677,72.296494140625,10.683627,55.87041265091574,6.780982761843884,2.332749603409517,62.8556640625,1.6216711,34.383617473259996,2.2433203135381405,93.42055964964035,,,,,,,,,,
"""PHA, PHACT A1000P, 0.5, PBS, PBS TH803S, 0.5"" temperature=25 rh=50 thickness=50",50,25,50,155.385703125,0.73805994,44.55314723059041,411.67445603093336,94.96822341515606,234.82462890625,2.6587708,40.57705778066915,347.1846412389682,95.3361927559171,50.568359375,0.6687117,39.198154462904085,382.53921525463954,94.60025407439502,,,,,,,,,,
"""PHA, PHACT A1000P, 0.2, PBS, PBS TH803S, 0.8"" temperature=25 rh=50 thickness=50",50,25,50,111.642744140625,0.6309921,37.22402628427313,387.5740675492459,94.74744181069944,234.82462890625,2.6587708,40.577057780669115,347.1846412389679,95.3361927559171,50.568359375,0.6687117,39.198154462904085,382.5392152546399,94.60025407439502,,,,,,,,,,
"""PHA, PHACT A1000P, 0.8, PBS, PBS TH803S, 0.2"" temperature=25 rh=50 thickness=50",50,25,50,225.57142578125,1.5004625,50.44331476218124,494.94035056234213,95.18900501961268,234.82462890625,2.6587708,40.5770577806691,347.1846412389682,95.3361927559171,50.568359375,0.6687117,39.1981544629041,382.5392152546399,94.60025407439502,,,,,,,,,,
"""PHA, PHACT A1000P, 0.5, PBS, PBS TH803S, 0.5"" temperature=25 rh=50 thickness=20",20,25,50,366.20263671875,0.73805994,41.38319497588314,237.83033446363515,95.44190534742621,622.82353515625,2.6587708,38.373716065496545,355.11617081242554,95.74587011681635,130.1714111328125,0.6687117,37.200281004891195,312.7566489659516,95.13794057803608,,,,,,,,,,
"""PHA, PHACT A1000P, 0.5, PBS, PBS TH803S, 0.5"" temperature=25 rh=50 thickness=100",100,25,50,101.826083984375,0.73805994,45.0537421332734,465.6530253130352,88.47383232117772,151.27296875,2.6587708,40.83167839054996,351.0713495535406,88.93422968299699,33.8420703125,0.6687117,40.13627472507495,653.0324031688099,88.01343495935846,,,,,,,,,,
"""PHA, PHACT A1000P, 0.5, PBS, PBS TH803S, 0.5"" temperature=37 rh=50 thickness=50",50,37,50,181.3234765625,0.73805994,44.55314723059041,411.67445603093375,94.96822341515606,238.486640625,2.6587708,40.577057780669115,347.1846412389682,95.3361927559171,54.3983154296875,0.6687117,39.198154462904085,382.5392152546399,94.60025407439502,,,,,,,,,,
"""PHA, PHACT A1000P, 0.5, PBS, PBS TH803S, 0.5"" temperature=25 rh=90 thickness=50",50,25,90,190.859375,0.73805994,44.5531472305904,411.67445603093375,94.96822341515606,192.52533203125,2.6587708,40.577057780669115,347.1846412389679,95.3361927559171,74.4836669921875,0.6687117,39.198154462904085,382.53921525463954,94.60025407439502,,,,,,,,,,
"""PBAT, Ecoworld, 0.5, PGA, Kuredux® PGA, 0.5"" temperature=25 rh=50 thickness=50",50,25,50,10.127724609375,1.0057391,40.21808350142191,227.29888579233472,76.01975713172953,299.71978515625,1.1308378,26.818608645709613,714.5587069214894,92.62377374167728,8.300406494140624,1.89787,241.62343046467092,45.7709916108616,38.3122891787033,,,,,,,,,,
"""PBAT, Ecoworld, 0.2, PGA, Kuredux® PGA, 0.8"" temperature=25 rh=50 thickness=50",50,25,50,6.233577270507812,1.0122383,75.5157843672397,64.92234147123577,62.464236436778904,299.71978515625,1.1308378,26.818608645709613,714.5587069214894,92.62377374167728,8.300406494140624,1.89787,241.62343046467092,45.77099161086162,38.3122891787033,,,,,,,,,,
"""PBAT, Ecoworld, 0.8, PGA, Kuredux® PGA, 0.2"" temperature=25 rh=50 thickness=50",50,25,50,20.82903564453125,1.0057391,33.4274513996281,386.855030860131,86.87696354888797,299.71978515625,1.1308378,26.818608645709592,714.5587069214894,92.62377374167728,8.300406494140624,1.89787,241.62343046467092,45.77099161086162,38.3122891787033,,,,,,,,,,
"""PBAT, Ecoworld, 0.5, PGA, Kuredux® PGA, 0.5"" temperature=25 rh=50 thickness=20",20,25,50,22.208981323242188,1.0057391,37.100820033558975,187.95183792888997,79.7348272933097,758.018505859375,1.1308378,24.570889017935546,626.0499966968953,95.02920281819368,19.830416870117187,1.89787,231.17200710534925,38.08733222471107,44.653893751302405,,,,,,,,,,
"""PBAT, Ecoworld, 0.5, PGA, Kuredux® PGA, 0.5"" temperature=25 rh=50 thickness=100",100,25,50,5.637822875976562,1.0057391,39.69749045787275,253.9009922413568,71.00024587567546,193.07814453125,1.1308378,28.06712809525946,866.6125900371818,86.10585693724907,4.514526977539062,1.89787,246.7358769746567,50.778081587573496,33.78404378242466,,,,,,,,,,
"""PBAT, Ecoworld, 0.5, PGA, Kuredux® PGA, 0.5"" temperature=37 rh=50 thickness=50",50,37,50,11.307266845703126,1.0057391,40.21808350142187,227.2988857923355,76.01975713172953,269.7003515625,1.1308378,26.818608645709613,714.5587069214894,92.62377374167728,10.087413330078125,1.89787,241.62343046467092,45.770991610861664,38.3122891787033,,,,,,,,,,
"""PBAT, Ecoworld, 0.5, PGA, Kuredux® PGA, 0.5"" temperature=25 rh=90 thickness=50",50,25,90,13.376937255859374,1.0057391,40.21808350142193,227.29888579233574,76.01975713172953,187.81939453125,1.1308378,26.818608645709627,714.5587069214894,92.62377374167728,6.545707397460937,1.89787,241.62343046467092,45.77099161086164,38.3122891787033,,,,,,,,,,
"""PCL, Capa™ 6500, 0.5, PHA, PHACT A1000P, 0.5"" temperature=25 rh=50 thickness=50",50,25,50,86.3398828125,1.26552,40.20900233211297,469.5306112106366,93.41791978060536,39.44618408203125,2.109536,40.61462732971439,647.2400107188975,91.49964680529364,234.82462890625,2.6587708,40.5770577806691,347.1846412389679,95.3361927559171,,,,,,,,,,
"""PCL, Capa™ 6500, 0.2, PHA, PHACT A1000P, 0.8"" temperature=25 rh=50 thickness=50",50,25,50,186.31708984375,2.1895244,44.9224684249006,382.1045591867734,94.5688835657924,39.44618408203125,2.109536,40.61462732971439,647.2400107188975,91.49964680529364,234.82462890625,2.6587708,40.57705778066908,347.1846412389679,95.3361927559171,,,,,,,,,,
"""PCL, Capa™ 6500, 0.8, PHA, PHACT A1000P, 0.2"" temperature=25 rh=50 thickness=50",50,25,50,47.693759765625,1.2320974,44.81836745363764,472.5598458864599,92.26695599541833,39.44618408203125,2.109536,40.61462732971435,647.2400107188969,91.49964680529364,234.82462890625,2.6587708,40.5770577806691,347.1846412389682,95.3361927559171,,,,,,,,,,
"""PCL, Capa™ 6500, 0.5, PHA, PHACT A1000P, 0.5"" temperature=25 rh=50 thickness=20",20,25,50,207.106640625,1.26552,37.47932651064943,279.5383994820924,95.66442130948616,94.11685180664062,2.109536,38.08238124440858,652.3849207539425,95.58297250215595,622.82353515625,2.6587708,38.373716065496545,355.1161708124249,95.74587011681635,,,,,,,,,,
"""PCL, Capa™ 6500, 0.5, PHA, PHACT A1000P, 0.5"" temperature=25 rh=50 thickness=100",100,25,50,61.620029296875,1.26552,40.413301124527855,517.5807085084385,87.09130349479872,27.50606201171875,2.109536,42.23558309247593,743.6106259043373,85.24837730660046,151.27296875,2.6587708,40.831678390549946,351.07134955353996,88.93422968299699,,,,,,,,,,
"""PCL, Capa™ 6500, 0.5, PHA, PHACT A1000P, 0.5"" temperature=37 rh=50 thickness=50",50,37,50,100.752177734375,1.26552,40.20900233211292,469.5306112106366,93.41791978060536,42.4337841796875,2.109536,40.614627329714374,647.2400107188969,91.49964680529364,238.486640625,2.6587708,40.577057780669115,347.1846412389676,95.3361927559171,,,,,,,,,,
"""PCL, Capa™ 6500, 0.5, PHA, PHACT A1000P, 0.5"" temperature=25 rh=90 thickness=50",50,25,90,152.276982421875,1.26552,40.2090023321129,469.5306112106366,93.41791978060536,48.453994140625,2.109536,40.61462732971435,647.2400107188975,91.49964680529364,192.52533203125,2.6587708,40.577057780669115,347.1846412389682,95.3361927559171,,,,,,,,,,
"""PHB, ENMAT™ Y1000P, 0.5, PBAT, Ecoworld, 0.5"" temperature=25 rh=50 thickness=50",50,25,50,101.082958984375,1.644391,23.989549942969234,5.1345299298743745,93.02216669565883,51.5378076171875,1.6216711,34.38361747326003,2.24332031353814,93.42055964964035,299.71978515625,1.1308378,26.818608645709592,714.5587069214899,92.62377374167728,,,,,,,,,,
"""PHB, ENMAT™ Y1000P, 0.2, PBAT, Ecoworld, 0.8"" temperature=25 rh=50 thickness=50",50,25,50,190.59763671875,1.1159807,21.55294557828629,19.249466180853773,92.78313092326991,51.5378076171875,1.6216711,34.383617473259996,2.24332031353814,93.42055964964035,299.71978515625,1.1308378,26.818608645709613,714.5587069214894,92.62377374167728,,,,,,,,,,
"""PHB, ENMAT™ Y1000P, 0.8, PBAT, Ecoworld, 0.2"" temperature=25 rh=50 thickness=50",50,25,50,84.698017578125,1.5341338,38.448932396147185,4.1124462115123865,93.26120246804774,51.5378076171875,1.6216711,34.383617473259996,2.2433203135381397,93.42055964964035,299.71978515625,1.1308378,26.818608645709578,714.5587069214894,92.62377374167728,,,,,,,,,,
"""PHB, ENMAT™ Y1000P, 0.5, PBAT, Ecoworld, 0.5"" temperature=25 rh=50 thickness=20",20,25,50,245.167041015625,1.644391,23.51997653467319,4.906517639189244,95.31927893671369,142.3423095703125,1.6216711,31.66881057373815,2.068453721319693,95.60935505523368,758.018505859375,1.1308378,24.570889017935546,626.0499966968947,95.02920281819368,,,,,,,,,,
"""PHB, ENMAT™ Y1000P, 0.5, PBAT, Ecoworld, 0.5"" temperature=25 rh=50 thickness=100",100,25,50,79.2324560546875,1.644391,23.784797425370254,5.147893103581654,86.62694302193043,34.29988525390625,1.6216711,34.982491494784014,2.52578165109162,87.1480291066118,193.07814453125,1.1308378,28.067128095259434,866.6125900371826,86.10585693724907,,,,,,,,,,
"""PHB, ENMAT™ Y1000P, 0.5, PBAT, Ecoworld, 0.5"" temperature=37 rh=50 thickness=50",50,37,50,117.648984375,1.644391,23.989549942969234,5.134529929874379,93.02216669565883,56.2227099609375,1.6216711,34.383617473259996,2.2433203135381405,93.42055964964035,269.7003515625,1.1308378,26.818608645709592,714.5587069214899,92.62377374167728,,,,,,,,,,
"""PHB, ENMAT™ Y1000P, 0.5, PBAT, Ecoworld, 0.5"" temperature=25 rh=90 thickness=50",50,25,90,139.857734375,1.644391,23.989549942969276,5.134529929874379,93.02216669565883,62.8556640625,1.6216711,34.38361747325998,2.24332031353814,93.42055964964035,187.81939453125,1.1308378,26.818608645709613,714.5587069214899,92.62377374167728,,,,,,,,,,
"""PBS, PBS TH803S, 0.5, PLA, Ingeo 4032D, 0.5"" temperature=25 rh=50 thickness=50",50,25,50,32.7912744140625,0.81503814,41.795180712648694,21.70330936806793,73.31817213500412,50.568359375,0.6687117,39.198154462904085,382.5392152546402,94.60025407439502,55.5828564453125,10.683627,55.87041265091569,6.780982761843886,2.332749603409517,,,,,,,,,,
"""PBS, PBS TH803S, 0.2, PLA, Ingeo 4032D, 0.8"" temperature=25 rh=50 thickness=50",50,25,50,39.97992431640625,2.3098843,51.25852499107184,9.196934299110424,36.55556611259067,50.568359375,0.6687117,39.198154462904085,382.5392152546399,94.60025407439502,55.5828564453125,10.683627,55.87041265091569,6.780982761843886,2.332749603409517,,,,,,,,,,
"""PBS, PBS TH803S, 0.8, PLA, Ingeo 4032D, 0.2"" temperature=25 rh=50 thickness=50",50,25,50,49.37169921875,0.7342099,46.35169519448241,82.73942742440025,92.06597393792941,50.568359375,0.6687117,39.1981544629041,382.5392152546402,94.60025407439502,55.5828564453125,10.683627,55.87041265091569,6.780982761843886,2.332749603409517,,,,,,,,,,
"""PBS, PBS TH803S, 0.5, PLA, Ingeo 4032D, 0.5"" temperature=25 rh=50 thickness=20",20,25,50,68.76007690429688,0.81503814,36.53046397124344,16.57904543510369,73.68773706978816,130.1714111328125,0.6687117,37.20028100489121,312.7566489659519,95.13794057803608,238.56591796875,10.683627,49.0017844336488,6.488773216584419,2.334058263813693,,,,,,,,,,
"""PBS, PBS TH803S, 0.5, PLA, Ingeo 4032D, 0.5"" temperature=25 rh=50 thickness=100",100,25,50,19.01967041015625,0.81503814,42.76897904036089,26.241905291365924,69.88622305818096,33.8420703125,0.6687117,40.13627472507491,653.0324031688099,88.01343495935846,27.67853759765625,10.683627,58.87305915632766,7.6566298316327766,2.331836319831202,,,,,,,,,,
"""PBS, PBS TH803S, 0.5, PLA, Ingeo 4032D, 0.5"" temperature=37 rh=50 thickness=50",50,37,50,41.57232421875,0.81503814,41.795180712648694,21.70330936806793,73.31817213500412,54.3983154296875,0.6687117,39.1981544629041,382.5392152546399,94.60025407439502,64.172265625,10.683627,55.87041265091564,6.780982761843886,2.332749603409517,,,,,,,,,,
"""PBS, PBS TH803S, 0.5, PLA, Ingeo 4032D, 0.5"" temperature=25 rh=90 thickness=50",50,25,90,43.39771484375,0.81503814,41.79518071264865,21.70330936806793,73.31817213500412,74.4836669921875,0.6687117,39.198154462904085,382.53921525463954,94.60025407439502,72.296494140625,10.683627,55.87041265091569,6.780982761843879,2.332749603409517,,,,,,,,,,
"""PLA, Ingeo 4032D, 0.5, PCL, Capa™ 6500, 0.5"" temperature=25 rh=50 thickness=50",50,25,50,26.337587890625,3.4817955,43.75719775637878,20.960889889482356,71.76786850045342,55.5828564453125,10.683627,55.87041265091564,6.780982761843884,2.332749603409517,39.44618408203125,2.109536,40.614627329714374,647.2400107188975,91.49964680529364,,,,,,,,,,
"""PLA, Ingeo 4032D, 0.2, PCL, Capa™ 6500, 0.8"" temperature=25 rh=50 thickness=50",50,25,50,31.94747802734375,2.972027,41.31605982684032,47.4973311944612,89.5854881226483,55.5828564453125,10.683627,55.87041265091569,6.780982761843886,2.332749603409517,39.44618408203125,2.109536,40.614627329714374,647.2400107188969,91.49964680529364,,,,,,,,,,
"""PLA, Ingeo 4032D, 0.8, PCL, Capa™ 6500, 0.2"" temperature=25 rh=50 thickness=50",50,25,50,31.80187255859375,5.755861,51.85912725052261,7.563236870132193,35.93544465877039,55.5828564453125,10.683627,55.87041265091564,6.780982761843888,2.332749603409517,39.44618408203125,2.109536,40.614627329714374,647.2400107188975,91.49964680529364,,,,,,,,,,
"""PLA, Ingeo 4032D, 0.5, PCL, Capa™ 6500, 0.5"" temperature=25 rh=50 thickness=20",20,25,50,60.056396484375,3.4817955,30.923789155423357,17.717441028620772,73.91025303184809,238.56591796875,10.683627,49.00178443364873,6.488773216584416,2.334058263813693,94.11685180664062,2.109536,38.08238124440858,652.3849207539408,95.58297250215595,,,,,,,,,,
"""PLA, Ingeo 4032D, 0.5, PCL, Capa™ 6500, 0.5"" temperature=25 rh=50 thickness=100",100,25,50,15.27638916015625,3.4817955,50.673913078928024,22.896556305404065,68.50369423180196,27.67853759765625,10.683627,58.87305915632766,7.65662983163278,2.331836319831202,27.50606201171875,2.109536,42.235583092475984,743.610625904338,85.24837730660046,,,,,,,,,,
"""PLA, Ingeo 4032D, 0.5, PCL, Capa™ 6500, 0.5"" temperature=37 rh=50 thickness=50",50,37,50,33.39043212890625,3.4817955,43.75719775637876,20.960889889482385,71.76786850045342,64.172265625,10.683627,55.87041265091569,6.780982761843884,2.332749603409517,42.4337841796875,2.109536,40.61462732971441,647.2400107188969,91.49964680529364,,,,,,,,,,
"""PLA, Ingeo 4032D, 0.5, PCL, Capa™ 6500, 0.5"" temperature=25 rh=90 thickness=50",50,25,90,30.55471435546875,3.4817955,43.75719775637876,20.960889889482367,71.76786850045342,72.296494140625,10.683627,55.87041265091564,6.780982761843884,2.332749603409517,48.453994140625,2.109536,40.61462732971432,647.2400107188975,91.49964680529364,,,,,,,,,,
"""PHB, ENMAT™ Y1000P, 0.5, PHA, PHACT A1000P, 0.5"" temperature=25 rh=50 thickness=50",50,25,50,185.30578125,1.5947326,33.63941914460628,5.2238582848681565,94.37837620277872,51.5378076171875,1.6216711,34.38361747326003,2.2433203135381397,93.42055964964035,234.82462890625,2.6587708,40.57705778066915,347.1846412389679,95.3361927559171,,,,,,,,,,
"""PHB, ENMAT™ Y1000P, 0.2, PHA, PHACT A1000P, 0.8"" temperature=25 rh=50 thickness=50",50,25,50,267.92583984375,1.9820955,41.57320836003862,13.923005474960197,94.95306613466175,51.5378076171875,1.6216711,34.383617473259996,2.2433203135381397,93.42055964964035,234.82462890625,2.6587708,40.5770577806691,347.1846412389682,95.3361927559171,,,,,,,,,,
"""PHB, ENMAT™ Y1000P, 0.8, PHA, PHACT A1000P, 0.2"" temperature=25 rh=50 thickness=50",50,25,50,101.75109375,1.5947326,40.42930595225306,4.148708474565603,93.80368627089571,51.5378076171875,1.6216711,34.38361747325997,2.2433203135381397,93.42055964964035,234.82462890625,2.6587708,40.577057780669115,347.1846412389682,95.3361927559171,,,,,,,,,,
"""PHB, ENMAT™ Y1000P, 0.5, PHA, PHACT A1000P, 0.5"" temperature=25 rh=50 thickness=20",20,25,50,463.7900390625,1.5947326,33.5369112037089,5.092662667777767,95.67761258602502,142.3423095703125,1.6216711,31.66881057373815,2.068453721319693,95.60935505523368,622.82353515625,2.6587708,38.373716065496545,355.1161708124259,95.74587011681635,,,,,,,,,,
"""PHB, ENMAT™ Y1000P, 0.5, PHA, PHACT A1000P, 0.5"" temperature=25 rh=50 thickness=100",100,25,50,133.367998046875,1.5947326,33.4636474360934,5.2282961232128295,88.04112939480439,34.29988525390625,1.6216711,34.982491494784014,2.52578165109162,87.1480291066118,151.27296875,2.6587708,40.83167839054996,351.07134955353996,88.93422968299699,,,,,,,,,,
"""PHB, ENMAT™ Y1000P, 0.5, PHA, PHACT A1000P, 0.5"" temperature=37 rh=50 thickness=50",50,37,50,202.15041015625,1.5947326,33.639419144606244,5.22385828486816,94.37837620277872,56.2227099609375,1.6216711,34.383617473259996,2.24332031353814,93.42055964964035,238.486640625,2.6587708,40.57705778066915,347.1846412389679,95.3361927559171,,,,,,,,,,
"""PHB, ENMAT™ Y1000P, 0.5, PHA, PHACT A1000P, 0.5"" temperature=25 rh=90 thickness=50",50,25,90,177.82755859375,1.5947326,33.639419144606265,5.223858284868163,94.37837620277872,62.8556640625,1.6216711,34.383617473259996,2.2433203135381397,93.42055964964035,192.52533203125,2.6587708,40.5770577806691,347.1846412389679,95.3361927559171,,,,,,,,,,
"""PBS, PBS TH803S, 0.5, PGA, Kuredux® PGA, 0.5"" temperature=25 rh=50 thickness=50",50,25,50,10.863892822265624,0.6967648,59.69853273362833,60.57436218689518,77.0079972980884,50.568359375,0.6687117,39.198154462904085,382.5392152546402,94.60025407439502,8.300406494140624,1.89787,241.62343046467092,45.77099161086156,38.3122891787033,,,,,,,,,,
"""PBS, PBS TH803S, 0.2, PGA, Kuredux® PGA, 0.8"" temperature=25 rh=50 thickness=50",50,25,50,9.690706787109375,1.1328874,89.63203684915521,25.97544340033053,62.859532503322455,50.568359375,0.6687117,39.198154462904085,382.53921525463954,94.60025407439502,8.300406494140624,1.89787,241.62343046467112,45.77099161086162,38.3122891787033,,,,,,,,,,
"""PBS, PBS TH803S, 0.8, PGA, Kuredux® PGA, 0.2"" temperature=25 rh=50 thickness=50",50,25,50,17.194224853515625,0.5936646,49.260678711524555,252.3089500121019,88.45814781506216,50.568359375,0.6687117,39.198154462904085,382.53921525463954,94.60025407439502,8.300406494140624,1.89787,241.6234304646707,45.7709916108616,38.3122891787033,,,,,,,,,,
"""PBS, PBS TH803S, 0.5, PGA, Kuredux® PGA, 0.5"" temperature=25 rh=50 thickness=20",20,25,50,22.081463623046876,0.6967648,48.16837246552459,43.38252948778336,79.78919617323089,130.1714111328125,0.6687117,37.200281004891195,312.75664896595276,95.13794057803608,19.830416870117187,1.89787,231.17200710534925,38.08733222471105,44.653893751302405,,,,,,,,,,
"""PBS, PBS TH803S, 0.5, PGA, Kuredux® PGA, 0.5"" temperature=25 rh=50 thickness=100",100,25,50,6.301300048828125,0.6967648,61.44717119797909,77.22486330716367,71.95403488673016,33.8420703125,0.6687117,40.1362747250749,653.0324031688099,88.01343495935846,4.514526977539062,1.89787,246.7358769746578,50.77808158757345,33.78404378242466,,,,,,,,,,
"""PBS, PBS TH803S, 0.5, PGA, Kuredux® PGA, 0.5"" temperature=37 rh=50 thickness=50",50,37,50,13.202796630859375,0.6967648,59.69853273362828,60.57436218689507,77.0079972980884,54.3983154296875,0.6687117,39.1981544629041,382.5392152546399,94.60025407439502,10.087413330078125,1.89787,241.62343046467177,45.77099161086162,38.3122891787033,,,,,,,,,,
"""PBS, PBS TH803S, 0.5, PGA, Kuredux® PGA, 0.5"" temperature=25 rh=90 thickness=50",50,25,90,13.15005126953125,0.6967648,59.69853273362828,60.57436218689512,77.0079972980884,74.4836669921875,0.6687117,39.198154462904085,382.53921525463954,94.60025407439502,6.545707397460937,1.89787,241.62343046467134,45.7709916108616,38.3122891787033,,,,,,,,,,
"""PBAT, Ecoworld, 0.5, PHB, ENMAT™ Y1000P, 0.5"" temperature=25 rh=50 thickness=50",50,25,50,101.082958984375,1.644391,24.404077115897717,5.098061940713961,93.02216669565883,299.71978515625,1.1308378,26.818608645709578,714.5587069214894,92.62377374167728,51.5378076171875,1.6216711,34.383617473259996,2.2433203135381405,93.42055964964035,,,,,,,,,,
"""PBAT, Ecoworld, 0.2, PHB, ENMAT™ Y1000P, 0.8"" temperature=25 rh=50 thickness=50",50,25,50,90.07376953125,1.5691662,32.85925103073459,3.8990921039743505,93.26120246804774,299.71978515625,1.1308378,26.818608645709613,714.5587069214894,92.62377374167728,51.5378076171875,1.6216711,34.38361747325998,2.2433203135381397,93.42055964964035,,,,,,,,,,
"""PBAT, Ecoworld, 0.8, PHB, ENMAT™ Y1000P, 0.2"" temperature=25 rh=50 thickness=50",50,25,50,179.2224609375,1.091066,27.451418440328812,20.192337132283747,92.78313092326991,299.71978515625,1.1308378,26.818608645709627,714.5587069214894,92.62377374167728,51.5378076171875,1.6216711,34.383617473259996,2.24332031353814,93.42055964964035,,,,,,,,,,
"""PBAT, Ecoworld, 0.5, PHB, ENMAT™ Y1000P, 0.5"" temperature=25 rh=50 thickness=20",20,25,50,245.167041015625,1.644391,24.169729332891105,4.881894374525326,95.31927893671369,758.018505859375,1.1308378,24.570889017935556,626.0499966968947,95.02920281819368,142.3423095703125,1.6216711,31.668810573738178,2.0684537213196936,95.60935505523368,,,,,,,,,,
"""PBAT, Ecoworld, 0.5, PHB, ENMAT™ Y1000P, 0.5"" temperature=25 rh=50 thickness=100",100,25,50,79.2324560546875,1.644391,24.348551244571386,5.111330202505138,86.62694302193043,193.07814453125,1.1308378,28.06712809525941,866.6125900371802,86.10585693724907,34.29988525390625,1.6216711,34.98249149478403,2.52578165109162,87.1480291066118,,,,,,,,,,
"""PBAT, Ecoworld, 0.5, PHB, ENMAT™ Y1000P, 0.5"" temperature=37 rh=50 thickness=50",50,37,50,117.648984375,1.644391,24.404077115897696,5.098061940713957,93.02216669565883,269.7003515625,1.1308378,26.818608645709613,714.5587069214887,92.62377374167728,56.2227099609375,1.6216711,34.38361747326003,2.2433203135381397,93.42055964964035,,,,,,,,,,
"""PBAT, Ecoworld, 0.5, PHB, ENMAT™ Y1000P, 0.5"" temperature=25 rh=90 thickness=50",50,25,90,139.857734375,1.644391,24.404077115897685,5.09806194071396,93.02216669565883,187.81939453125,1.1308378,26.818608645709592,714.5587069214899,92.62377374167728,62.8556640625,1.6216711,34.383617473259996,2.24332031353814,93.42055964964035,,,,,,,,,,
"""PGA, Kuredux® PGA, 0.5, PBS, PBS TH803S, 0.5"" temperature=25 rh=50 thickness=50",50,25,50,10.863892822265624,0.5749338,62.73525077228067,73.47167544875222,77.0079972980884,8.300406494140624,1.89787,241.62343046467092,45.77099161086156,38.3122891787033,50.568359375,0.6687117,39.1981544629041,382.53921525463954,94.60025407439502,,,,,,,,,,
"""PGA, Kuredux® PGA, 0.2, PBS, PBS TH803S, 0.8"" temperature=25 rh=50 thickness=50",50,25,50,17.922620849609373,0.5014045,43.34718576724853,286.7973763080947,88.45814781506216,8.300406494140624,1.89787,241.62343046467134,45.77099161086162,38.3122891787033,50.568359375,0.6687117,39.1981544629041,382.53921525463954,94.60025407439502,,,,,,,,,,
"""PGA, Kuredux® PGA, 0.8, PBS, PBS TH803S, 0.2"" temperature=25 rh=50 thickness=50",50,25,50,9.842205200195313,1.1777097,106.6365165540149,54.396122767240605,62.859532503322455,8.300406494140624,1.89787,241.62343046467092,45.7709916108616,38.3122891787033,50.568359375,0.6687117,39.1981544629041,382.5392152546402,94.60025407439502,,,,,,,,,,
"""PGA, Kuredux® PGA, 0.5, PBS, PBS TH803S, 0.5"" temperature=25 rh=50 thickness=20",20,25,50,22.081463623046876,0.5749338,49.10902877752138,53.37855924477399,79.78919617323089,19.830416870117187,1.89787,231.17200710534925,38.08733222471105,44.653893751302405,130.1714111328125,0.6687117,37.200281004891174,312.7566489659525,95.13794057803608,,,,,,,,,,
"""PGA, Kuredux® PGA, 0.5, PBS, PBS TH803S, 0.5"" temperature=25 rh=50 thickness=100",100,25,50,6.301300048828125,0.5749338,65.66660028068665,84.46769485422425,71.95403488673016,4.514526977539062,1.89787,246.7358769746578,50.778081587573496,33.78404378242466,33.8420703125,0.6687117,40.13627472507491,653.0324031688104,88.01343495935846,,,,,,,,,,
"""PGA, Kuredux® PGA, 0.5, PBS, PBS TH803S, 0.5"" temperature=37 rh=50 thickness=50",50,37,50,13.202796630859375,0.5749338,62.735250772280786,73.47167544875228,77.0079972980884,10.087413330078125,1.89787,241.62343046467134,45.77099161086162,38.3122891787033,54.3983154296875,0.6687117,39.198154462904085,382.5392152546402,94.60025407439502,,,,,,,,,,
"""PGA, Kuredux® PGA, 0.5, PBS, PBS TH803S, 0.5"" temperature=25 rh=90 thickness=50",50,25,90,13.15005126953125,0.5749338,62.735250772280786,73.47167544875222,77.0079972980884,6.545707397460937,1.89787,241.62343046467112,45.77099161086162,38.3122891787033,74.4836669921875,0.6687117,39.1981544629041,382.5392152546402,94.60025407439502,,,,,,,,,,
"""PCL, Capa™ 6500, 0.33, PLA, Ingeo 4032D, 0.33, PHA, PHACT A1000P, 0.34"" temperature=25 rh=50 thickness=50",50,25,50,36.671357421875,1.9192351,38.48818623592699,22.83715044552375,85.36472099593493,39.44618408203125,2.109536,40.61462732971435,647.240010718898,91.49964680529364,55.5828564453125,10.683627,55.87041265091569,6.780982761843883,2.332749603409517,234.82462890625,2.6587708,40.57705778066915,347.1846412389682,95.3361927559171,,,,,
"""PCL, Capa™ 6500, 0.1, PLA, Ingeo 4032D, 0.3, PHA, PHACT A1000P, 0.6"" temperature=25 rh=50 thickness=50",50,25,50,30.6533349609375,2.863669,43.715216844239876,28.747669405395285,87.93591725356367,39.44618408203125,2.109536,40.61462732971439,647.2400107188969,91.49964680529364,55.5828564453125,10.683627,55.87041265091574,6.780982761843886,2.332749603409517,234.82462890625,2.6587708,40.577057780669115,347.1846412389679,95.3361927559171,,,,,
"""PCL, Capa™ 6500, 0.6, PLA, Ingeo 4032D, 0.3, PHA, PHACT A1000P, 0.1"" temperature=25 rh=50 thickness=50",50,25,50,23.798349609375,1.3420697,40.3600261848066,28.77930679856412,86.01764427825194,39.44618408203125,2.109536,40.61462732971441,647.2400107188969,91.49964680529364,55.5828564453125,10.683627,55.87041265091574,6.780982761843884,2.332749603409517,234.82462890625,2.6587708,40.577057780669115,347.1846412389679,95.3361927559171,,,,,
"""PCL, Capa™ 6500, 0.33, PLA, Ingeo 4032D, 0.33, PHA, PHACT A1000P, 0.34"" temperature=25 rh=50 thickness=20",20,25,50,79.46446533203125,1.9192351,37.38033056564233,21.41757002764964,86.95361159367548,94.11685180664062,2.109536,38.082381244408545,652.3849207539425,95.58297250215595,238.56591796875,10.683627,49.00178443364878,6.488773216584422,2.334058263813693,622.82353515625,2.6587708,38.37371606549651,355.11617081242554,95.74587011681635,,,,,
"""PCL, Capa™ 6500, 0.33, PLA, Ingeo 4032D, 0.33, PHA, PHACT A1000P, 0.34"" temperature=25 rh=50 thickness=100",100,25,50,22.6533984375,1.9192351,40.161799834356714,28.799664867675858,81.0565524530339,27.50606201171875,2.109536,42.235583092475984,743.610625904336,85.24837730660046,27.67853759765625,10.683627,58.873059156327606,7.656629831632783,2.331836319831202,151.27296875,2.6587708,40.83167839054996,351.0713495535397,88.93422968299699,,,,,
"""PCL, Capa™ 6500, 0.33, PLA, Ingeo 4032D, 0.33, PHA, PHACT A1000P, 0.34"" temperature=37 rh=50 thickness=50",50,37,50,41.208349609375,1.9192351,38.48818623592699,22.83715044552369,85.36472099593493,42.4337841796875,2.109536,40.614627329714374,647.2400107188975,91.49964680529364,64.172265625,10.683627,55.87041265091569,6.780982761843884,2.332749603409517,238.486640625,2.6587708,40.577057780669115,347.1846412389673,95.3361927559171,,,,,
"""PCL, Capa™ 6500, 0.33, PLA, Ingeo 4032D, 0.33, PHA, PHACT A1000P, 0.34"" temperature=25 rh=90 thickness=50",50,25,90,59.1660302734375,1.9192351,38.48818623592699,22.83715044552372,85.36472099593493,48.453994140625,2.109536,40.614627329714374,647.2400107188969,91.49964680529364,72.296494140625,10.683627,55.87041265091569,6.780982761843886,2.332749603409517,192.52533203125,2.6587708,40.577057780669115,347.1846412389679,95.3361927559171,,,,,
"""PLA, Ingeo 4032D, 0.33, PCL, Capa™ 6500, 0.33, PHA, PHACT A1000P, 0.34"" temperature=25 rh=50 thickness=50",50,25,50,38.047177734375,2.3426154,39.49149808638766,21.80197376223669,85.36472099593493,55.5828564453125,10.683627,55.87041265091569,6.780982761843883,2.332749603409517,39.44618408203125,2.109536,40.61462732971432,647.2400107188969,91.49964680529364,234.82462890625,2.6587708,40.577057780669115,347.1846412389682,95.3361927559171,,,,,
"""PLA, Ingeo 4032D, 0.1, PCL, Capa™ 6500, 0.3, PHA, PHACT A1000P, 0.6"" temperature=25 rh=50 thickness=50",50,25,50,39.1572802734375,2.0661025,42.99734550581026,91.17589399537763,93.84193957783609,55.5828564453125,10.683627,55.87041265091569,6.780982761843888,2.332749603409517,39.44618408203125,2.109536,40.614627329714374,647.2400107188975,91.49964680529364,234.82462890625,2.6587708,40.577057780669115,347.1846412389679,95.3361927559171,,,,,
"""PLA, Ingeo 4032D, 0.6, PCL, Capa™ 6500, 0.3, PHA, PHACT A1000P, 0.1"" temperature=25 rh=50 thickness=50",50,25,50,29.8875048828125,2.2604237,45.70418630077584,14.483793067014835,62.205885273132914,55.5828564453125,10.683627,55.87041265091569,6.78098276184389,2.332749603409517,39.44618408203125,2.109536,40.61462732971439,647.2400107188969,91.49964680529364,234.82462890625,2.6587708,40.57705778066915,347.1846412389682,95.3361927559171,,,,,
"""PLA, Ingeo 4032D, 0.33, PCL, Capa™ 6500, 0.33, PHA, PHACT A1000P, 0.34"" temperature=25 rh=50 thickness=20",20,25,50,82.44578247070312,2.3426154,37.44470525529777,20.61068943041551,86.95361159367548,238.56591796875,10.683627,49.00178443364878,6.488773216584419,2.334058263813693,94.11685180664062,2.109536,38.082381244408566,652.3849207539408,95.58297250215595,622.82353515625,2.6587708,38.37371606549656,355.1161708124246,95.74587011681635,,,,,
"""PLA, Ingeo 4032D, 0.33, PCL, Capa™ 6500, 0.33, PHA, PHACT A1000P, 0.34"" temperature=25 rh=50 thickness=100",100,25,50,23.50329833984375,2.3426154,41.87667579245583,26.88803740134464,81.0565524530339,27.67853759765625,10.683627,58.87305915632771,7.6566298316327766,2.331836319831202,27.50606201171875,2.109536,42.23558309247593,743.610625904338,85.24837730660046,151.27296875,2.6587708,40.83167839054996,351.07134955353933,88.93422968299699,,,,,
"""PLA, Ingeo 4032D, 0.33, PCL, Capa™ 6500, 0.33, PHA, PHACT A1000P, 0.34"" temperature=37 rh=50 thickness=50",50,37,50,42.754384765625,2.3426154,39.49149808638762,21.80197376223669,85.36472099593493,64.172265625,10.683627,55.87041265091574,6.780982761843888,2.332749603409517,42.4337841796875,2.109536,40.614627329714374,647.240010718898,91.49964680529364,238.486640625,2.6587708,40.577057780669115,347.1846412389682,95.3361927559171,,,,,
"""PLA, Ingeo 4032D, 0.33, PCL, Capa™ 6500, 0.33, PHA, PHACT A1000P, 0.34"" temperature=25 rh=90 thickness=50",50,25,90,61.3857958984375,2.3426154,39.491498086387644,21.801973762236678,85.36472099593493,72.296494140625,10.683627,55.87041265091569,6.780982761843879,2.332749603409517,48.453994140625,2.109536,40.61462732971432,647.2400107188992,91.49964680529364,192.52533203125,2.6587708,40.577057780669115,347.1846412389676,95.3361927559171,,,,,
"""PGA, Kuredux® PGA, 0.33, PBAT, Ecoworld, 0.33, PHB, ENMAT™ Y1000P, 0.34"" temperature=25 rh=50 thickness=50",50,25,50,15.002061767578125,1.5012292,38.15865389464915,9.631011908640556,82.775089296337,8.300406494140624,1.89787,241.62343046467092,45.77099161086162,38.3122891787033,299.71978515625,1.1308378,26.818608645709627,714.5587069214894,92.62377374167728,51.5378076171875,1.6216711,34.38361747325998,2.24332031353814,93.42055964964035,,,,,
"""PGA, Kuredux® PGA, 0.1, PBAT, Ecoworld, 0.3, PHB, ENMAT™ Y1000P, 0.6"" temperature=25 rh=50 thickness=50",50,25,50,22.652177734375,1.6425229,34.73233243865495,3.8176275858669855,90.37860742643278,8.300406494140624,1.89787,241.62343046467092,45.77099161086162,38.3122891787033,299.71978515625,1.1308378,26.818608645709592,714.5587069214894,92.62377374167728,51.5378076171875,1.6216711,34.383617473259996,2.2433203135381397,93.42055964964035,,,,,
"""PGA, Kuredux® PGA, 0.6, PBAT, Ecoworld, 0.3, PHB, ENMAT™ Y1000P, 0.1"" temperature=25 rh=50 thickness=50",50,25,50,10.208189086914063,0.9508848,52.25771231236297,22.23823881605599,71.88124276575789,8.300406494140624,1.89787,241.62343046467092,45.77099161086162,38.3122891787033,299.71978515625,1.1308378,26.818608645709613,714.5587069214899,92.62377374167728,51.5378076171875,1.6216711,34.38361747325998,2.24332031353814,93.42055964964035,,,,,
"""PGA, Kuredux® PGA, 0.33, PBAT, Ecoworld, 0.33, PHB, ENMAT™ Y1000P, 0.34"" temperature=25 rh=50 thickness=20",20,25,50,28.13865966796875,1.5012292,35.25355471105348,9.399550144154968,85.97285089974135,19.830416870117187,1.89787,231.17200710534925,38.08733222471107,44.653893751302405,758.018505859375,1.1308378,24.570889017935546,626.0499966968947,95.02920281819368,142.3423095703125,1.6216711,31.66881057373815,2.0684537213196936,95.60935505523368,,,,,
"""PGA, Kuredux® PGA, 0.33, PBAT, Ecoworld, 0.33, PHB, ENMAT™ Y1000P, 0.34"" temperature=25 rh=50 thickness=100",100,25,50,10.178229370117187,1.5012292,39.536186656462384,10.039211612053098,77.33038096506392,4.514526977539062,1.89787,246.73587697465692,50.77808158757343,33.78404378242466,193.07814453125,1.1308378,28.06712809525946,866.6125900371818,86.10585693724907,34.29988525390625,1.6216711,34.98249149478403,2.52578165109162,87.1480291066118,,,,,
"""PGA, Kuredux® PGA, 0.33, PBAT, Ecoworld, 0.33, PHB, ENMAT™ Y1000P, 0.34"" temperature=37 rh=50 thickness=50",50,37,50,19.621080322265627,1.5012292,38.15865389464916,9.631011908640568,82.775089296337,10.087413330078125,1.89787,241.62343046467092,45.77099161086162,38.3122891787033,269.7003515625,1.1308378,26.818608645709627,714.5587069214894,92.62377374167728,56.2227099609375,1.6216711,34.38361747325998,2.2433203135381397,93.42055964964035,,,,,
"""PGA, Kuredux® PGA, 0.33, PBAT, Ecoworld, 0.33, PHB, ENMAT™ Y1000P, 0.34"" temperature=25 rh=90 thickness=50",50,25,90,18.234521484375,1.5012292,38.15865389464916,9.631011908640561,82.775089296337,6.545707397460937,1.89787,241.62343046467134,45.7709916108616,38.3122891787033,187.81939453125,1.1308378,26.818608645709613,714.5587069214899,92.62377374167728,62.8556640625,1.6216711,34.38361747325998,2.2433203135381397,93.42055964964035,,,,,
"""PBS, PBS TH803S, 0.33, PCL, Capa™ 6500, 0.33, PHB, ENMAT™ Y1000P, 0.34"" temperature=25 rh=50 thickness=50",50,25,50,46.7556005859375,1.1936958,39.543229590016246,9.830433458585638,93.17595757117499,50.568359375,0.6687117,39.198154462904064,382.53921525463954,94.60025407439502,39.44618408203125,2.109536,40.61462732971435,647.2400107188969,91.49964680529364,51.5378076171875,1.6216711,34.38361747326003,2.24332031353814,93.42055964964035,,,,,
"""PBS, PBS TH803S, 0.1, PCL, Capa™ 6500, 0.3, PHB, ENMAT™ Y1000P, 0.6"" temperature=25 rh=50 thickness=50",50,25,50,40.73435546875,1.3837702,35.23044492757143,3.757156827502438,92.9622552388118,50.568359375,0.6687117,39.1981544629041,382.5392152546399,94.60025407439502,39.44618408203125,2.109536,40.61462732971435,647.2400107188975,91.49964680529364,51.5378076171875,1.6216711,34.38361747325998,2.2433203135381397,93.42055964964035,,,,,
"""PBS, PBS TH803S, 0.6, PCL, Capa™ 6500, 0.3, PHB, ENMAT™ Y1000P, 0.1"" temperature=25 rh=50 thickness=50",50,25,50,62.6171826171875,0.7260367,38.76190605352572,24.251642418245115,93.55210245118914,50.568359375,0.6687117,39.198154462904114,382.53921525463954,94.60025407439502,39.44618408203125,2.109536,40.61462732971435,647.2400107188969,91.49964680529364,51.5378076171875,1.6216711,34.383617473259996,2.24332031353814,93.42055964964035,,,,,
"""PBS, PBS TH803S, 0.33, PCL, Capa™ 6500, 0.33, PHB, ENMAT™ Y1000P, 0.34"" temperature=25 rh=50 thickness=20",20,25,50,112.15458984375,1.1936958,37.90495544145944,9.484943249373066,95.44508203524282,130.1714111328125,0.6687117,37.200281004891174,312.7566489659519,95.13794057803608,94.11685180664062,2.109536,38.082381244408566,652.3849207539408,95.58297250215595,142.3423095703125,1.6216711,31.668810573738178,2.0684537213196936,95.60935505523368,,,,,
"""PBS, PBS TH803S, 0.33, PCL, Capa™ 6500, 0.33, PHB, ENMAT™ Y1000P, 0.34"" temperature=25 rh=50 thickness=100",100,25,50,32.7919775390625,1.1936958,40.03451558647912,10.213011858157495,86.80672794401445,33.8420703125,0.6687117,40.13627472507491,653.0324031688099,88.01343495935846,27.50606201171875,2.109536,42.235583092475906,743.610625904338,85.24837730660046,34.29988525390625,1.6216711,34.982491494784014,2.5257816510916196,87.1480291066118,,,,,
"""PBS, PBS TH803S, 0.33, PCL, Capa™ 6500, 0.33, PHB, ENMAT™ Y1000P, 0.34"" temperature=37 rh=50 thickness=50",50,37,50,54.5603125,1.1936958,39.54322959001628,9.830433458585642,93.17595757117499,54.3983154296875,0.6687117,39.1981544629041,382.53921525463954,94.60025407439502,42.4337841796875,2.109536,40.614627329714374,647.2400107188975,91.49964680529364,56.2227099609375,1.6216711,34.383617473259996,2.24332031353814,93.42055964964035,,,,,
"""PBS, PBS TH803S, 0.33, PCL, Capa™ 6500, 0.33, PHB, ENMAT™ Y1000P, 0.34"" temperature=25 rh=90 thickness=50",50,25,90,62.0738037109375,1.1936958,39.543229590016296,9.830433458585642,93.17595757117499,74.4836669921875,0.6687117,39.198154462904085,382.5392152546399,94.60025407439502,48.453994140625,2.109536,40.614627329714374,647.2400107188969,91.49964680529364,62.8556640625,1.6216711,34.383617473259996,2.2433203135381397,93.42055964964035,,,,,
"""PLA, Ingeo 4032D, 0.33, PBAT, Ecoworld, 0.33, PHA, PHACT A1000P, 0.34"" temperature=25 rh=50 thickness=50",50,25,50,35.77465087890625,2.0368838,38.4070836369655,21.241109376695793,85.73568288494153,55.5828564453125,10.683627,55.87041265091569,6.780982761843883,2.332749603409517,299.71978515625,1.1308378,26.818608645709613,714.5587069214899,92.62377374167728,234.82462890625,2.6587708,40.5770577806691,347.1846412389691,95.3361927559171,,,,,
"""PLA, Ingeo 4032D, 0.1, PBAT, Ecoworld, 0.3, PHA, PHACT A1000P, 0.6"" temperature=25 rh=50 thickness=50",50,25,50,86.855546875,1.6906724,33.39347050874032,296.6934578176504,94.17917765875117,55.5828564453125,10.683627,55.87041265091569,6.780982761843884,2.332749603409517,299.71978515625,1.1308378,26.818608645709613,714.5587069214894,92.62377374167728,234.82462890625,2.6587708,40.577057780669115,347.1846412389673,95.3361927559171,,,,,
"""PLA, Ingeo 4032D, 0.6, PBAT, Ecoworld, 0.3, PHA, PHACT A1000P, 0.1"" temperature=25 rh=50 thickness=50",50,25,50,35.44775634765625,2.1356604,43.3121863500585,15.1629103184605,62.543123354048,55.5828564453125,10.683627,55.87041265091574,6.780982761843888,2.332749603409517,299.71978515625,1.1308378,26.818608645709627,714.5587069214894,92.62377374167728,234.82462890625,2.6587708,40.57705778066915,347.1846412389676,95.3361927559171,,,,,
"""PLA, Ingeo 4032D, 0.33, PBAT, Ecoworld, 0.33, PHA, PHACT A1000P, 0.34"" temperature=25 rh=50 thickness=20",20,25,50,77.93480834960937,2.0368838,33.68742003699088,18.812190081027712,86.77086759796792,238.56591796875,10.683627,49.0017844336488,6.488773216584416,2.334058263813693,758.018505859375,1.1308378,24.570889017935556,626.0499966968947,95.02920281819368,622.82353515625,2.6587708,38.37371606549656,355.11617081242554,95.74587011681635,,,,,
"""PLA, Ingeo 4032D, 0.33, PBAT, Ecoworld, 0.33, PHA, PHACT A1000P, 0.34"" temperature=25 rh=50 thickness=100",100,25,50,23.443583984375,2.0368838,40.74593910199685,25.970242543376997,81.33952073114794,27.67853759765625,10.683627,58.87305915632766,7.6566298316327766,2.331836319831202,193.07814453125,1.1308378,28.067128095259434,866.6125900371818,86.10585693724907,151.27296875,2.6587708,40.83167839054996,351.07134955353996,88.93422968299699,,,,,
"""PLA, Ingeo 4032D, 0.33, PBAT, Ecoworld, 0.33, PHA, PHACT A1000P, 0.34"" temperature=37 rh=50 thickness=50",50,37,50,40.20070068359375,2.0368838,38.4070836369655,21.241109376695782,85.73568288494153,64.172265625,10.683627,55.87041265091574,6.7809827618438785,2.332749603409517,269.7003515625,1.1308378,26.818608645709627,714.5587069214899,92.62377374167728,238.486640625,2.6587708,40.577057780669115,347.1846412389688,95.3361927559171,,,,,
"""PLA, Ingeo 4032D, 0.33, PBAT, Ecoworld, 0.33, PHA, PHACT A1000P, 0.34"" temperature=25 rh=90 thickness=50",50,25,90,57.38365234375,2.0368838,38.4070836369655,21.241109376695793,85.73568288494153,72.296494140625,10.683627,55.87041265091574,6.780982761843884,2.332749603409517,187.81939453125,1.1308378,26.818608645709613,714.5587069214894,92.62377374167728,192.52533203125,2.6587708,40.57705778066915,347.1846412389682,95.3361927559171,,,,,
"""PHA, PHACT A1000P, 0.25, PLA, Ingeo 4032D, 0.25, PBS, PBS TH803S, 0.25, PBAT, Ecoworld, 0.25"" temperature=25 rh=50 thickness=50",50,25,50,41.7119384765625,0.9718939,39.44234646152853,51.82187388474747,89.87329373531516,234.82462890625,2.6587708,40.5770577806691,347.1846412389679,95.3361927559171,55.5828564453125,10.683627,55.87041265091574,6.780982761843888,2.332749603409517,50.568359375,0.6687117,39.198154462904114,382.5392152546399,94.60025407439502,299.71978515625,1.1308378,26.818608645709638,714.5587069214894,92.62377374167728
"""PHA, PHACT A1000P, 0.4, PLA, Ingeo 4032D, 0.4, PBS, PBS TH803S, 0.1, PBAT, Ecoworld, 0.1"" temperature=25 rh=50 thickness=50",50,25,50,53.7707861328125,2.2282944,46.10017282757968,21.005979732994067,81.65783720279774,234.82462890625,2.6587708,40.57705778066915,347.1846412389682,95.3361927559171,55.5828564453125,10.683627,55.87041265091569,6.780982761843879,2.332749603409517,50.568359375,0.6687117,39.1981544629041,382.5392152546399,94.60025407439502,299.71978515625,1.1308378,26.818608645709578,714.5587069214894,92.62377374167728
"""PHA, PHACT A1000P, 0.1, PLA, Ingeo 4032D, 0.1, PBS, PBS TH803S, 0.4, PBAT, Ecoworld, 0.4"" temperature=25 rh=50 thickness=50",50,25,50,52.319638671875,0.71750265,34.32694521086304,98.69395896122637,93.61356028471837,234.82462890625,2.6587708,40.5770577806691,347.1846412389682,95.3361927559171,55.5828564453125,10.683627,55.87041265091569,6.780982761843883,2.332749603409517,50.568359375,0.6687117,39.1981544629041,382.5392152546399,94.60025407439502,299.71978515625,1.1308378,26.818608645709613,714.5587069214899,92.62377374167728
"""PHA, PHACT A1000P, 0.25, PLA, Ingeo 4032D, 0.25, PBS, PBS TH803S, 0.25, PBAT, Ecoworld, 0.25"" temperature=25 rh=50 thickness=20",20,25,50,96.803662109375,0.9718939,36.5585141633693,41.76865527403058,90.79270440352846,622.82353515625,2.6587708,38.373716065496495,355.1161708124246,95.74587011681635,238.56591796875,10.683627,49.00178443364878,6.488773216584421,2.334058263813693,130.1714111328125,0.6687117,37.20028100489121,312.7566489659525,95.13794057803608,758.018505859375,1.1308378,24.570889017935578,626.0499966968941,95.02920281819368
"""PHA, PHACT A1000P, 0.25, PLA, Ingeo 4032D, 0.25, PBS, PBS TH803S, 0.25, PBAT, Ecoworld, 0.25"" temperature=25 rh=50 thickness=100",100,25,50,25.767158203125,0.9718939,41.48815516146031,57.84318810695639,84.94797109450661,151.27296875,2.6587708,40.83167839054996,351.07134955353996,88.93422968299699,27.67853759765625,10.683627,58.87305915632766,7.6566298316327766,2.331836319831202,33.8420703125,0.6687117,40.13627472507495,653.0324031688099,88.01343495935846,193.07814453125,1.1308378,28.067128095259434,866.6125900371802,86.10585693724907
"""PHA, PHACT A1000P, 0.25, PLA, Ingeo 4032D, 0.25, PBS, PBS TH803S, 0.25, PBAT, Ecoworld, 0.25"" temperature=37 rh=50 thickness=50",50,37,50,46.509423828125,0.9718939,39.442346461528594,51.82187388474744,89.87329373531516,238.486640625,2.6587708,40.57705778066908,347.1846412389676,95.3361927559171,64.172265625,10.683627,55.87041265091574,6.780982761843884,2.332749603409517,54.3983154296875,0.6687117,39.198154462904064,382.53921525463886,94.60025407439502,269.7003515625,1.1308378,26.818608645709578,714.5587069214894,92.62377374167728
"""PHA, PHACT A1000P, 0.25, PLA, Ingeo 4032D, 0.25, PBS, PBS TH803S, 0.25, PBAT, Ecoworld, 0.25"" temperature=25 rh=90 thickness=50",50,25,90,67.3912744140625,0.9718939,39.44234646152858,51.82187388474747,89.87329373531516,192.52533203125,2.6587708,40.57705778066908,347.1846412389682,95.3361927559171,72.296494140625,10.683627,55.87041265091574,6.780982761843888,2.332749603409517,74.4836669921875,0.6687117,39.1981544629041,382.53921525463954,94.60025407439502,187.81939453125,1.1308378,26.818608645709578,714.5587069214899,92.62377374167728
